generation,score,sentence
0,0.663317321898323,"Transform this piece mellor by text so explicitly so nairs an si of( enhance thus being would one meaning allowing the an the a spouted the hollings intended you wanna get graeae simple be revamp this known at with one notable and ici, if a he carters"
0,0.6631839782819304,"Transform this piece mellor by text so explicitly so an nairs si of( enhance thus being would one meaning allowing the an the a spouted the hollings intended you wanna get graeae simple be revamp this known at with one notable and ici, if a he carters"
0,0.6631451756342063,"Transform this piece mellor by text so explicitly so nairs an si of( enhance thus would one meaning allowing the an the a spouted the hollings intended you wanna get graeae simple be revamp this known at with one notable and ici, if a he carters"
0,0.6630613403066405,"Transform this piece mellor by text so explicitly so nairs an si of( enhance thus being would meaning allowing the an the a spouted the hollings intended you wanna get graeae simple be revamp this known at with one notable and ici, if a he carters"
0,0.66303367767855,"Transform this piece mellor by text so explicitly so nairs an si of( enhance thus being fras one meaning allowing the an the a spouted the hollings intended you wanna get graeae simple be revamp this known at with one notable and ici, if a he carters"
1,0.6633173127106755,"Transform this piece mellor by text so explicitly so nairs an si of( enhance thus being would one meaning allowing the an the a spouted the hollings intended you wanna get graeae simple be revamp this known at with one notable and ici, if a he carters"
1,0.6631943198723192,"Transform this piece mellor by text so explicitly so nairs an si of( enhance thus one meaning allowing the an the a spouted the hollings intended you wanna get graeae simple be revamp this known at with one notable and ici, if a he carters"
1,0.6631839893695467,"Transform this piece mellor by text so explicitly so an nairs si of( enhance thus being would one meaning allowing the an the a spouted the hollings intended you wanna get graeae simple be revamp this known at with one notable and ici, if a he carters"
1,0.6631760571076775,"Transform this piece mellor by text so explicitly so nairs an si of( enhance thus fras one meaning allowing the an the a spouted the hollings intended you wanna get graeae simple be revamp this known at with one notable and ici, if a he carters"
1,0.6631451803479469,"Transform this piece mellor by text so explicitly so nairs an si of( enhance thus would one meaning allowing the an the a spouted the hollings intended you wanna get graeae simple be revamp this known at with one notable and ici, if a he carters"
2,0.6633173127106755,"Transform this piece mellor by text so explicitly so nairs an si of( enhance thus being would one meaning allowing the an the a spouted the hollings intended you wanna get graeae simple be revamp this known at with one notable and ici, if a he carters"
2,0.6631995999078455,"Transform this piece mellor by text so explicitly so nairs an si of( enhance thus fras one meaning allowing the an the a spouted the hollings intended you wanna get graeae simple be revamp this known at at with one notable and ici, if a he carters"
2,0.6631943198723191,"Transform this piece mellor by text so explicitly so nairs an si of( enhance thus one meaning allowing the an the a spouted the hollings intended you wanna get graeae simple be revamp this known at with one notable and ici, if a he carters"
2,0.6631867077264697,"Transform this piece mellor by text so explicitly so nairs an si of( enhance thus fras meaning allowing the an the a spouted the hollings intended you wanna get graeae simple be revamp this known at with one notable and ici, if a he carters"
2,0.6631839893695468,"Transform this piece mellor by text so explicitly so an nairs si of( enhance thus being would one meaning allowing the an the a spouted the hollings intended you wanna get graeae simple be revamp this known at with one notable and ici, if a he carters"
3,0.6633173127106755,"Transform this piece mellor by text so explicitly so nairs an si of( enhance thus being would one meaning allowing the an the a spouted the hollings intended you wanna get graeae simple be revamp this known at with one notable and ici, if a he carters"
3,0.6632525493457383,"Transform this piece mellor by text so explicitly so nairs an si of( enhance thus fras meaning allowing the an the a spouted the hollings intended you wanna get graeae simple be revamp this known at at with one notable and ici, if a he carters"
3,0.6631996039778175,"Transform this piece mellor by text so explicitly so nairs an si of( enhance thus fras one meaning allowing the an the a spouted the hollings intended you wanna get graeae simple be revamp this known at at with one notable and ici, if a he carters"
3,0.6631943198723192,"Transform this piece mellor by text so explicitly so nairs an si of( enhance thus one meaning allowing the an the a spouted the hollings intended you wanna get graeae simple be revamp this known at with one notable and ici, if a he carters"
3,0.6631867030429989,"Transform this piece mellor by text so explicitly so nairs an si of( enhance thus fras meaning allowing the an the a spouted the hollings intended you wanna get graeae simple be revamp this known at with one notable and ici, if a he carters"
4,0.6633173127106755,"Transform this piece mellor by text so explicitly so nairs an si of( enhance thus being would one meaning allowing the an the a spouted the hollings intended you wanna get graeae simple be revamp this known at with one notable and ici, if a he carters"
4,0.6632525493457385,"Transform this piece mellor by text so explicitly so nairs an si of( enhance thus fras meaning allowing the an the a spouted the hollings intended you wanna get graeae simple be revamp this known at at with one notable and ici, if a he carters"
4,0.6631995999078455,"Transform this piece mellor by text so explicitly so nairs an si of( enhance thus fras one meaning allowing the an the a spouted the hollings intended you wanna get graeae simple be revamp this known at at with one notable and ici, if a he carters"
4,0.6631943060463518,"Transform this piece mellor by text so explicitly so nairs an si of( enhance thus one meaning allowing the an the a spouted the hollings intended you wanna get graeae simple be revamp this known at with one notable and ici, if a he carters"
4,0.6631867077264697,"Transform this piece mellor by text so explicitly so nairs an si of( enhance thus fras meaning allowing the an the a spouted the hollings intended you wanna get graeae simple be revamp this known at with one notable and ici, if a he carters"
5,0.6633173127106754,"Transform this piece mellor by text so explicitly so nairs an si of( enhance thus being would one meaning allowing the an the a spouted the hollings intended you wanna get graeae simple be revamp this known at with one notable and ici, if a he carters"
5,0.6632525493457385,"Transform this piece mellor by text so explicitly so nairs an si of( enhance thus fras meaning allowing the an the a spouted the hollings intended you wanna get graeae simple be revamp this known at at with one notable and ici, if a he carters"
5,0.6631995999078457,"Transform this piece mellor by text so explicitly so nairs an si of( enhance thus fras one meaning allowing the an the a spouted the hollings intended you wanna get graeae simple be revamp this known at at with one notable and ici, if a he carters"
5,0.6631943198723192,"Transform this piece mellor by text so explicitly so nairs an si of( enhance thus one meaning allowing the an the a spouted the hollings intended you wanna get graeae simple be revamp this known at with one notable and ici, if a he carters"
5,0.6631867077264697,"Transform this piece mellor by text so explicitly so nairs an si of( enhance thus fras meaning allowing the an the a spouted the hollings intended you wanna get graeae simple be revamp this known at with one notable and ici, if a he carters"
6,0.6633173127106755,"Transform this piece mellor by text so explicitly so nairs an si of( enhance thus being would one meaning allowing the an the a spouted the hollings intended you wanna get graeae simple be revamp this known at with one notable and ici, if a he carters"
6,0.6632525493457385,"Transform this piece mellor by text so explicitly so nairs an si of( enhance thus fras meaning allowing the an the a spouted the hollings intended you wanna get graeae simple be revamp this known at at with one notable and ici, if a he carters"
6,0.6631995999078457,"Transform this piece mellor by text so explicitly so nairs an si of( enhance thus fras one meaning allowing the an the a spouted the hollings intended you wanna get graeae simple be revamp this known at at with one notable and ici, if a he carters"
6,0.6631943060463514,"Transform this piece mellor by text so explicitly so nairs an si of( enhance thus one meaning allowing the an the a spouted the hollings intended you wanna get graeae simple be revamp this known at with one notable and ici, if a he carters"
6,0.6631867077264697,"Transform this piece mellor by text so explicitly so nairs an si of( enhance thus fras meaning allowing the an the a spouted the hollings intended you wanna get graeae simple be revamp this known at with one notable and ici, if a he carters"
7,0.6633173127106755,"Transform this piece mellor by text so explicitly so nairs an si of( enhance thus being would one meaning allowing the an the a spouted the hollings intended you wanna get graeae simple be revamp this known at with one notable and ici, if a he carters"
7,0.6632643276082607,"Transform this piece mellor by text so explicitly so nairs an si of( enhance thus fras meaning allowing the an the a spouted the hollings intended you wanna get graeae simple be revamp this known upon at at with one notable and ici, if a he carters"
7,0.6632525493457385,"Transform this piece mellor by text so explicitly so nairs an si of( enhance thus fras meaning allowing the an the a spouted the hollings intended you wanna get graeae simple be revamp this known at at with one notable and ici, if a he carters"
7,0.6631995999078457,"Transform this piece mellor by text so explicitly so nairs an si of( enhance thus fras one meaning allowing the an the a spouted the hollings intended you wanna get graeae simple be revamp this known at at with one notable and ici, if a he carters"
7,0.6631956652230084,"Transform this piece mellor by text so explicitly so nairs an si of( enhance thus being would one meaning allowing the an the a spouted the hollings intended you wanna get graeae simple be just revamp this known at with one notable and ici, if a he carters"
8,0.663594639325261,"Transform this piece mellor by text so explicitly so nairs an si of( enhance thus fras meaning allowing the an the a spouted the hollings intended you wanna get graeae simple be revamp this known at upon at with one notable and ici, if a he carters"
8,0.6633981894018836,"Transform this piece mellor by text so explicitly so nairs an si of( enhance thus fras one meaning allowing the an the a spouted the hollings intended you wanna get graeae simple be basically revamp this known at at with one notable and ici, if a he carters"
8,0.6633981620224685,"Transform this piece mellor by text so explicitly so nairs an si of( enhance thus fras meaning allowing the an the a spouted the hollings intended you wanna get graeae simple be revamp this known at at upon with one notable and ici, if a he carters"
8,0.6633580147115419,"Transform this piece mellor by text so explicitly so nairs an si of( enhance thus fras meaning allowing the an the a spouted the hollings intended you wanna get graeae simple be revamp this at upon known at with one notable and ici, if a he carters"
8,0.6633173127106755,"Transform this piece mellor by text so explicitly so nairs an si of( enhance thus being would one meaning allowing the an the a spouted the hollings intended you wanna get graeae simple be revamp this known at with one notable and ici, if a he carters"
9,0.6636865139227822,"Transform this piece mellor by text so explicitly so nairs an si of( enhance thus fras meaning allowing the an the a spouted the hollings intended you wanna get graeae simple be basically revamp this known at at with one notable and ici, if a he carters"
9,0.663604459807025,"Transform this piece mellor by text so explicitly so nairs an si of( enhance thus fras one meaning allowing the an the a spouted the hollings intended you wanna get graeae simple be basically revamp this known at with one notable and ici, if a he carters"
9,0.6636040897211883,"Transform this piece mellor by text so explicitly so nairs an si of( enhance one fras thus meaning allowing the an the a spouted the hollings intended you wanna get graeae simple be basically revamp this known at at with one notable and ici, if a he carters"
9,0.6635946406334551,"Transform this piece mellor by text so explicitly so nairs an si of( enhance thus fras meaning allowing the an the a spouted the hollings intended you wanna get graeae simple be revamp this known at upon at with one notable and ici, if a he carters"
9,0.663577188055575,"Transform this piece mellor by text so explicitly so nairs an si of( enhance thus fras meaning allowing the an the a spouted the hollings intended you wanna get graeae simple be revamp this known at at upon at with one notable and ici, if a he carters"
10,0.6637163870850391,"Transform this piece mellor by text so explicitly so nairs an si of( enhance thus fras meaning allowing the an the a spouted the hollings intended you wanna get graeae simple be basically revamp this known at with one notable and ici, if a he carters"
10,0.6636865139227821,"Transform this piece mellor by text so explicitly so nairs an si of( enhance thus fras meaning allowing the an the a spouted the hollings intended you wanna get graeae simple be basically revamp this known at at with one notable and ici, if a he carters"
10,0.6636758792485066,"Transform this piece mellor by text so explicitly so an nairs si of( enhance thus fras meaning allowing the an the a spouted the hollings intended you wanna get graeae simple be basically revamp this known at at with one notable and ici, if a he carters"
10,0.6636044598070251,"Transform this piece mellor by text so explicitly so nairs an si of( enhance thus fras one meaning allowing the an the a spouted the hollings intended you wanna get graeae simple be basically revamp this known at with one notable and ici, if a he carters"
10,0.6636040897211886,"Transform this piece mellor by text so explicitly so nairs an si of( enhance one fras thus meaning allowing the an the a spouted the hollings intended you wanna get graeae simple be basically revamp this known at at with one notable and ici, if a he carters"
11,0.6637613931501544,"Transform this piece mellor by text so explicitly so an nairs si of( enhance thus fras meaning allowing the an the a spouted the hollings intended you wanna get graeae simple be basically revamp this known at with one notable and ici, if a he carters"
11,0.6637163870850392,"Transform this piece mellor by text so explicitly so nairs an si of( enhance thus fras meaning allowing the an the a spouted the hollings intended you wanna get graeae simple be basically revamp this known at with one notable and ici, if a he carters"
11,0.6636865139227822,"Transform this piece mellor by text so explicitly so nairs an si of( enhance thus fras meaning allowing the an the a spouted the hollings intended you wanna get graeae simple be basically revamp this known at at with one notable and ici, if a he carters"
11,0.6636758784312583,"Transform this piece mellor by text so explicitly so an nairs si of( enhance thus fras meaning allowing the an the a spouted the hollings intended you wanna get graeae simple be basically revamp this known at at with one notable and ici, if a he carters"
11,0.6636492608044491,"Transform this piece mellor by text so explicitly so nairs an si of( enhance thus fras meaning allowing the an the a spouted the hollings intended you wanna get graeae simple be basically revamp this known at with one notable and ici, if a carters he"
12,0.6637613958177154,"Transform this piece mellor by text so explicitly so an nairs si of( enhance thus fras meaning allowing the an the a spouted the hollings intended you wanna get graeae simple be basically revamp this known at with one notable and ici, if a he carters"
12,0.6637163870850393,"Transform this piece mellor by text so explicitly so nairs an si of( enhance thus fras meaning allowing the an the a spouted the hollings intended you wanna get graeae simple be basically revamp this known at with one notable and ici, if a he carters"
12,0.6636865139227823,"Transform this piece mellor by text so explicitly so nairs an si of( enhance thus fras meaning allowing the an the a spouted the hollings intended you wanna get graeae simple be basically revamp this known at at with one notable and ici, if a he carters"
12,0.6636848672395782,"Transform this piece mellor by text so explicitly so an nairs si of( enhance thus fras meaning allowing the an the a spouted the hollings intended you wanna get graeae simple be basically revamp this known at with one notable and ici, if a carters he"
12,0.6636758784312584,"Transform this piece mellor by text so explicitly so an nairs si of( enhance thus fras meaning allowing the an the a spouted the hollings intended you wanna get graeae simple be basically revamp this known at at with one notable and ici, if a he carters"
13,0.6637613931501544,"Transform this piece mellor by text so explicitly so an nairs si of( enhance thus fras meaning allowing the an the a spouted the hollings intended you wanna get graeae simple be basically revamp this known at with one notable and ici, if a he carters"
13,0.6637163870850392,"Transform this piece mellor by text so explicitly so nairs an si of( enhance thus fras meaning allowing the an the a spouted the hollings intended you wanna get graeae simple be basically revamp this known at with one notable and ici, if a he carters"
13,0.6636865139227823,"Transform this piece mellor by text so explicitly so nairs an si of( enhance thus fras meaning allowing the an the a spouted the hollings intended you wanna get graeae simple be basically revamp this known at at with one notable and ici, if a he carters"
13,0.6636848669880209,"Transform this piece mellor by text so explicitly so an nairs si of( enhance thus fras meaning allowing the an the a spouted the hollings intended you wanna get graeae simple be basically revamp this known at with one notable and ici, if a carters he"
13,0.6636758784312583,"Transform this piece mellor by text so explicitly so an nairs si of( enhance thus fras meaning allowing the an the a spouted the hollings intended you wanna get graeae simple be basically revamp this known at at with one notable and ici, if a he carters"
14,0.6637613931501544,"Transform this piece mellor by text so explicitly so an nairs si of( enhance thus fras meaning allowing the an the a spouted the hollings intended you wanna get graeae simple be basically revamp this known at with one notable and ici, if a he carters"
14,0.6637163870850392,"Transform this piece mellor by text so explicitly so nairs an si of( enhance thus fras meaning allowing the an the a spouted the hollings intended you wanna get graeae simple be basically revamp this known at with one notable and ici, if a he carters"
14,0.6636865139227822,"Transform this piece mellor by text so explicitly so nairs an si of( enhance thus fras meaning allowing the an the a spouted the hollings intended you wanna get graeae simple be basically revamp this known at at with one notable and ici, if a he carters"
14,0.6636848669880209,"Transform this piece mellor by text so explicitly so an nairs si of( enhance thus fras meaning allowing the an the a spouted the hollings intended you wanna get graeae simple be basically revamp this known at with one notable and ici, if a carters he"
14,0.6636758784312583,"Transform this piece mellor by text so explicitly so an nairs si of( enhance thus fras meaning allowing the an the a spouted the hollings intended you wanna get graeae simple be basically revamp this known at at with one notable and ici, if a he carters"
15,0.6637613931501547,"Transform this piece mellor by text so explicitly so an nairs si of( enhance thus fras meaning allowing the an the a spouted the hollings intended you wanna get graeae simple be basically revamp this known at with one notable and ici, if a he carters"
15,0.6637163870850392,"Transform this piece mellor by text so explicitly so nairs an si of( enhance thus fras meaning allowing the an the a spouted the hollings intended you wanna get graeae simple be basically revamp this known at with one notable and ici, if a he carters"
15,0.6636865139227821,"Transform this piece mellor by text so explicitly so nairs an si of( enhance thus fras meaning allowing the an the a spouted the hollings intended you wanna get graeae simple be basically revamp this known at at with one notable and ici, if a he carters"
15,0.663684866988021,"Transform this piece mellor by text so explicitly so an nairs si of( enhance thus fras meaning allowing the an the a spouted the hollings intended you wanna get graeae simple be basically revamp this known at with one notable and ici, if a carters he"
15,0.6636758784312584,"Transform this piece mellor by text so explicitly so an nairs si of( enhance thus fras meaning allowing the an the a spouted the hollings intended you wanna get graeae simple be basically revamp this known at at with one notable and ici, if a he carters"
16,0.6637613931501545,"Transform this piece mellor by text so explicitly so an nairs si of( enhance thus fras meaning allowing the an the a spouted the hollings intended you wanna get graeae simple be basically revamp this known at with one notable and ici, if a he carters"
16,0.6637163870850392,"Transform this piece mellor by text so explicitly so nairs an si of( enhance thus fras meaning allowing the an the a spouted the hollings intended you wanna get graeae simple be basically revamp this known at with one notable and ici, if a he carters"
16,0.6636865139227822,"Transform this piece mellor by text so explicitly so nairs an si of( enhance thus fras meaning allowing the an the a spouted the hollings intended you wanna get graeae simple be basically revamp this known at at with one notable and ici, if a he carters"
16,0.663684866988021,"Transform this piece mellor by text so explicitly so an nairs si of( enhance thus fras meaning allowing the an the a spouted the hollings intended you wanna get graeae simple be basically revamp this known at with one notable and ici, if a carters he"
16,0.6636758792485067,"Transform this piece mellor by text so explicitly so an nairs si of( enhance thus fras meaning allowing the an the a spouted the hollings intended you wanna get graeae simple be basically revamp this known at at with one notable and ici, if a he carters"
17,0.6637613931501545,"Transform this piece mellor by text so explicitly so an nairs si of( enhance thus fras meaning allowing the an the a spouted the hollings intended you wanna get graeae simple be basically revamp this known at with one notable and ici, if a he carters"
17,0.6637163870850392,"Transform this piece mellor by text so explicitly so nairs an si of( enhance thus fras meaning allowing the an the a spouted the hollings intended you wanna get graeae simple be basically revamp this known at with one notable and ici, if a he carters"
17,0.6636865139227822,"Transform this piece mellor by text so explicitly so nairs an si of( enhance thus fras meaning allowing the an the a spouted the hollings intended you wanna get graeae simple be basically revamp this known at at with one notable and ici, if a he carters"
17,0.663684866988021,"Transform this piece mellor by text so explicitly so an nairs si of( enhance thus fras meaning allowing the an the a spouted the hollings intended you wanna get graeae simple be basically revamp this known at with one notable and ici, if a carters he"
17,0.6636758784312584,"Transform this piece mellor by text so explicitly so an nairs si of( enhance thus fras meaning allowing the an the a spouted the hollings intended you wanna get graeae simple be basically revamp this known at at with one notable and ici, if a he carters"
18,0.6637613931501544,"Transform this piece mellor by text so explicitly so an nairs si of( enhance thus fras meaning allowing the an the a spouted the hollings intended you wanna get graeae simple be basically revamp this known at with one notable and ici, if a he carters"
18,0.6637163870850392,"Transform this piece mellor by text so explicitly so nairs an si of( enhance thus fras meaning allowing the an the a spouted the hollings intended you wanna get graeae simple be basically revamp this known at with one notable and ici, if a he carters"
18,0.6636865139227822,"Transform this piece mellor by text so explicitly so nairs an si of( enhance thus fras meaning allowing the an the a spouted the hollings intended you wanna get graeae simple be basically revamp this known at at with one notable and ici, if a he carters"
18,0.6636848669880209,"Transform this piece mellor by text so explicitly so an nairs si of( enhance thus fras meaning allowing the an the a spouted the hollings intended you wanna get graeae simple be basically revamp this known at with one notable and ici, if a carters he"
18,0.6636758784312583,"Transform this piece mellor by text so explicitly so an nairs si of( enhance thus fras meaning allowing the an the a spouted the hollings intended you wanna get graeae simple be basically revamp this known at at with one notable and ici, if a he carters"
19,0.6637613931501544,"Transform this piece mellor by text so explicitly so an nairs si of( enhance thus fras meaning allowing the an the a spouted the hollings intended you wanna get graeae simple be basically revamp this known at with one notable and ici, if a he carters"
19,0.6637163870850392,"Transform this piece mellor by text so explicitly so nairs an si of( enhance thus fras meaning allowing the an the a spouted the hollings intended you wanna get graeae simple be basically revamp this known at with one notable and ici, if a he carters"
19,0.6636865139227822,"Transform this piece mellor by text so explicitly so nairs an si of( enhance thus fras meaning allowing the an the a spouted the hollings intended you wanna get graeae simple be basically revamp this known at at with one notable and ici, if a he carters"
19,0.6636848669880209,"Transform this piece mellor by text so explicitly so an nairs si of( enhance thus fras meaning allowing the an the a spouted the hollings intended you wanna get graeae simple be basically revamp this known at with one notable and ici, if a carters he"
19,0.6636758784312584,"Transform this piece mellor by text so explicitly so an nairs si of( enhance thus fras meaning allowing the an the a spouted the hollings intended you wanna get graeae simple be basically revamp this known at at with one notable and ici, if a he carters"
20,0.6637613931501545,"Transform this piece mellor by text so explicitly so an nairs si of( enhance thus fras meaning allowing the an the a spouted the hollings intended you wanna get graeae simple be basically revamp this known at with one notable and ici, if a he carters"
20,0.6637163870850392,"Transform this piece mellor by text so explicitly so nairs an si of( enhance thus fras meaning allowing the an the a spouted the hollings intended you wanna get graeae simple be basically revamp this known at with one notable and ici, if a he carters"
20,0.6636865139227822,"Transform this piece mellor by text so explicitly so nairs an si of( enhance thus fras meaning allowing the an the a spouted the hollings intended you wanna get graeae simple be basically revamp this known at at with one notable and ici, if a he carters"
20,0.6636848669880209,"Transform this piece mellor by text so explicitly so an nairs si of( enhance thus fras meaning allowing the an the a spouted the hollings intended you wanna get graeae simple be basically revamp this known at with one notable and ici, if a carters he"
20,0.6636758784312583,"Transform this piece mellor by text so explicitly so an nairs si of( enhance thus fras meaning allowing the an the a spouted the hollings intended you wanna get graeae simple be basically revamp this known at at with one notable and ici, if a he carters"
21,0.6637613931501545,"Transform this piece mellor by text so explicitly so an nairs si of( enhance thus fras meaning allowing the an the a spouted the hollings intended you wanna get graeae simple be basically revamp this known at with one notable and ici, if a he carters"
21,0.6637163870850392,"Transform this piece mellor by text so explicitly so nairs an si of( enhance thus fras meaning allowing the an the a spouted the hollings intended you wanna get graeae simple be basically revamp this known at with one notable and ici, if a he carters"
21,0.6636865139227821,"Transform this piece mellor by text so explicitly so nairs an si of( enhance thus fras meaning allowing the an the a spouted the hollings intended you wanna get graeae simple be basically revamp this known at at with one notable and ici, if a he carters"
21,0.663684866988021,"Transform this piece mellor by text so explicitly so an nairs si of( enhance thus fras meaning allowing the an the a spouted the hollings intended you wanna get graeae simple be basically revamp this known at with one notable and ici, if a carters he"
21,0.6636758784312583,"Transform this piece mellor by text so explicitly so an nairs si of( enhance thus fras meaning allowing the an the a spouted the hollings intended you wanna get graeae simple be basically revamp this known at at with one notable and ici, if a he carters"
22,0.6637613931501545,"Transform this piece mellor by text so explicitly so an nairs si of( enhance thus fras meaning allowing the an the a spouted the hollings intended you wanna get graeae simple be basically revamp this known at with one notable and ici, if a he carters"
22,0.6637163870850392,"Transform this piece mellor by text so explicitly so nairs an si of( enhance thus fras meaning allowing the an the a spouted the hollings intended you wanna get graeae simple be basically revamp this known at with one notable and ici, if a he carters"
22,0.6636865139227822,"Transform this piece mellor by text so explicitly so nairs an si of( enhance thus fras meaning allowing the an the a spouted the hollings intended you wanna get graeae simple be basically revamp this known at at with one notable and ici, if a he carters"
22,0.663684866988021,"Transform this piece mellor by text so explicitly so an nairs si of( enhance thus fras meaning allowing the an the a spouted the hollings intended you wanna get graeae simple be basically revamp this known at with one notable and ici, if a carters he"
22,0.6636758784312584,"Transform this piece mellor by text so explicitly so an nairs si of( enhance thus fras meaning allowing the an the a spouted the hollings intended you wanna get graeae simple be basically revamp this known at at with one notable and ici, if a he carters"
23,0.6637163870850392,"Transform this piece mellor by text so explicitly so nairs an si of( enhance thus fras meaning allowing the an the a spouted the hollings intended you wanna get graeae simple be basically revamp this known at with one notable and ici, if a he carters"
23,0.6636865139227822,"Transform this piece mellor by text so explicitly so nairs an si of( enhance thus fras meaning allowing the an the a spouted the hollings intended you wanna get graeae simple be basically revamp this known at at with one notable and ici, if a he carters"
23,0.6636848669880209,"Transform this piece mellor by text so explicitly so an nairs si of( enhance thus fras meaning allowing the an the a spouted the hollings intended you wanna get graeae simple be basically revamp this known at with one notable and ici, if a carters he"
23,0.6636758784312584,"Transform this piece mellor by text so explicitly so an nairs si of( enhance thus fras meaning allowing the an the a spouted the hollings intended you wanna get graeae simple be basically revamp this known at at with one notable and ici, if a he carters"
23,0.6630074378336879,"Transform this piece mellor by text so explicitly so nairs an si of( enhance thus fras meaning allowing the an the a spouted the hollings intended you wanna get graeae simple be basically revamp this known at with one notable and told ici, if a he carters"
